{
  "dependencies": [
    {
      "version": "1.0.1",
      "assetId": "common-subscription-library",
      "groupId": "871a7b19-9f3e-4dbd-8ef4-09253a8ba1dc",
      "provided": false
    }
  ],
  "version": "1.0.3",
  "originalFormatVersion": "1.0",
  "apiVersion": "1.0",
  "descriptorVersion": "1.0.0",
  "classifier": "raml",
  "main": "exp-apigee-api.raml",
  "assetId": "exp-apigee-api",
  "groupId": "871a7b19-9f3e-4dbd-8ef4-09253a8ba1dc",
  "organizationId": "871a7b19-9f3e-4dbd-8ef4-09253a8ba1dc",
  "name": "exp-apigee-api",
  "tags": []
}